{"val_loss": [0.6389423321055682, 0.5596208212117064, 0.4245312600272087, 0.4223223415386985, 0.3659776889210394, 0.35213160922257336, 0.3582023958218302, 0.36095750195206416, 0.3853957220876354, 0.3402389781652806, 0.3666640677495615, 0.3479436133781533, 0.33792123417443903, 0.46595050796455106, 0.3371532518717031, 0.3484470255606539, 0.3165404041793859, 0.3423288387271327, 0.33868131056424716, 0.3222604398428422, 0.3315090026914542, 0.32078704425133564, 0.31505157413935564, 0.32556448489187906, 0.3712421234820983, 0.33687821986674743, 0.330211525895082, 0.32565594741609455, 0.31791950672560476, 0.3376787592278592, 0.3231742914747451, 0.30968369402022133, 0.3150186721163453, 0.3193929201039354, 0.3160213408289306, 0.32044683785133843, 0.31538406991227974, 0.30834178601599493, 0.3165220993740407, 0.32919930754291366, 0.3122653568329901, 0.3180574793591237, 0.3129150087458754, 0.31285661797087183, 0.31309875600417264, 0.31463932351712637, 0.3175002835193838, 0.31142516764861766, 0.3129160791810402, 0.31252663392938757, 0.3186150828772746, 0.30930049612816973, 0.31666561840047425, 0.3079269632156246, 0.3194063720535232, 0.30953820413466354, 0.31722917080806456, 0.32176007449277144, 0.3230307571228834, 0.31954825823526234, 0.31364238870400396, 0.31118464936927154, 0.31947646938933155, 0.3210716139775363, 0.3378027484899395, 0.31520172115435574, 0.31191355982984414, 0.31246805970913893, 0.31388471803958456, 0.31120941421825504, 0.31370297538744474, 0.31757555281149513, 0.31372469015884236, 0.3089192261827482, 0.3153347433118607, 0.31424810240720047, 0.3133733780571648, 0.32045170844857834, 0.32755955789457636, 0.31217497629306806, 0.3191738589267009, 0.31945448241345753, 0.3129483581340668, 0.3175765386199827, 0.31086305838334927, 0.31915286034378015, 0.3160345082864946, 0.32917751299637965, 0.3200596626868224, 0.31636524453704135, 0.3226472446450045, 0.3177992576906096, 0.31991030179632923, 0.32109790094078583, 0.3240256867404089, 0.3259030064275228, 0.3228009101088424, 0.3229007437821964, 0.3228458674465462, 0.3132913098584515], "val_acc": [0.7428819852739644, 0.7704846674891768, 0.8135187950141533, 0.8106933196480702, 0.8341664840050091, 0.8435122798095965, 0.8361225754663857, 0.8337317777182636, 0.833297093765447, 0.848511201017604, 0.83221039039315, 0.8459030685412369, 0.8441643202934439, 0.7893935997469014, 0.8454683734214558, 0.8530754234526008, 0.8541621386395981, 0.8485111973643743, 0.8491632229114351, 0.8526407168419873, 0.8545968237712938, 0.8548141723481294, 0.8567702807801828, 0.8530754197993711, 0.8391653999404476, 0.8509019739574465, 0.8487285272605106, 0.8545968327877755, 0.85633559779897, 0.8502499362718176, 0.8528580787362702, 0.8632905958554351, 0.8578569859790947, 0.8569876230221628, 0.8600304218329339, 0.8591610533961574, 0.8619865269356255, 0.8624212065874766, 0.857204960432034, 0.849163224414182, 0.861334479585779, 0.8624212044369939, 0.8576396437371148, 0.8617691880230074, 0.8574222900043024, 0.8602477858776996, 0.8585090233408558, 0.8587263644039567, 0.8600304348265132, 0.8615518418039299, 0.8578569841524799, 0.8608997984311809, 0.8574223026740139, 0.8656813709457603, 0.863942619899749, 0.8587263507626415, 0.8635079251038357, 0.8604651151261001, 0.8615518472837743, 0.8606824673561655, 0.8615518324635801, 0.8615518361168099, 0.8600304318210193, 0.858509018508747, 0.8559008896856094, 0.8541621522809132, 0.8606824561892009, 0.8639426190447377, 0.8628558883898104, 0.8585090181848791, 0.8606824570442122, 0.8589437029927068, 0.8643773146956621, 0.8611171470080166, 0.8624212102407063, 0.8635079350919211, 0.8626385624707716, 0.8574223029978818, 0.8611171521639933, 0.8641599591362349, 0.8622038561840261, 0.8615518288103504, 0.8613345035390475, 0.8615518418039299, 0.8637252673458157, 0.8604651024563886, 0.8617691880230074, 0.8576396419104999, 0.8593783944592582, 0.8604651136233531, 0.8578569844763477, 0.8604651117967383, 0.8613344892499966, 0.8578569884534453, 0.8608997962806982, 0.8626385513038072, 0.8645946657468484, 0.8645946421174479, 0.8606824695066482, 0.8635079239249567], "loss": [0.5887793232975532, 0.43861625147521505, 0.40416033168133814, 0.37866182685695177, 0.3696789548074428, 0.35518025836245637, 0.3451048143640391, 0.33830075764470113, 0.33181851567736675, 0.3295847044906322, 0.32160394084739113, 0.31854535868314193, 0.31541269100555874, 0.3109209582726697, 0.3192573675056782, 0.309509010344489, 0.3068013202779911, 0.2996848736417042, 0.3045781707569811, 0.29877298876484687, 0.2947481589713189, 0.29449570722192886, 0.2952101516200424, 0.2902880338704008, 0.2899900275663891, 0.29312855637928537, 0.2878869956784515, 0.29017395188125494, 0.284208289060085, 0.2823888977642999, 0.28552974701204153, 0.2854259574758458, 0.2800816973266912, 0.2774720204883308, 0.27660397365049927, 0.2768283792733141, 0.27886561182474345, 0.2753126060386841, 0.2732722049279193, 0.27261544936490323, 0.2750528538841331, 0.2717556467190024, 0.2700636352915647, 0.2696256146277169, 0.26924227637016884, 0.26944981005430885, 0.2681637496935646, 0.26682778296666504, 0.26656143355838435, 0.26643974767524253, 0.2642582713540443, 0.2643410162352285, 0.2636882500279499, 0.26547058387479244, 0.26268809610346777, 0.2637400159647358, 0.2626273596539007, 0.262806509217928, 0.26273350280320124, 0.2636229808993965, 0.26296663017108796, 0.25919401942537107, 0.2584770654295439, 0.2585922339930067, 0.25817928637730386, 0.26657406835914416, 0.2581826053967408, 0.25766639875434627, 0.2567528783760039, 0.2568173926883429, 0.25635710327430816, 0.2558303702565294, 0.25594804539200555, 0.25527075156622486, 0.25547546577235514, 0.2578688346139873, 0.2551954834881109, 0.25670294825270973, 0.2542283607124167, 0.2653754048839511, 0.25614421369151946, 0.25303986891424224, 0.2548890750439563, 0.25590985314849785, 0.25400046286525424, 0.25198103068463934, 0.2537301755317262, 0.25335797006071525, 0.2582732758735589, 0.2537837257203058, 0.25124864457972934, 0.25184600832806203, 0.25129449945047405, 0.25077583110243074, 0.25247254758594495, 0.2523619573896331, 0.2544290313631453, 0.2564830953738098, 0.2549931315442061, 0.25049760697891105],