{"val_loss": [0.8699922372506665, 0.8698457186700365, 0.9527660936823205, 0.7350126521609653, 0.6848134916001262, 0.650334812589014, 0.639889586984891, 0.5888828180893896, 0.6499875776277007, 0.6069391998900613, 0.5242823769387617, 0.5468914062400093, 0.4897131644054953, 0.46886453833094993, 0.45013245588487916, 0.5074765511606859, 0.4379309548084903, 0.5538983125060674, 0.47475755089030425, 0.428211192104304, 0.455832563193304, 0.449258655270813, 0.417231605379925, 0.4517508345151875, 0.3965561386231002, 0.43600208860095546, 0.38813176339824573, 0.5775542587747887, 0.3944873870053879, 0.40566758626545285, 0.41029845987473124, 0.4089217248610169, 0.3767510719517992, 0.40557447498815263, 0.40133102585040753, 0.3858703762079109, 0.3707157961313322, 0.4210409892885303, 0.3665781101890814, 0.38404629966845283, 0.4131344599623806, 0.399968882451444, 0.393453634049524, 0.3766566461789766, 0.3596092117944248, 0.3828548318962511, 0.35627200898334427, 0.3608980252286243, 0.3592469542862358, 0.35947511777025903, 0.3676040987428492, 0.3587564244927906, 0.3573237792016941, 0.5059891854050729, 0.35541647848837327, 0.3784777704878129, 0.37090810026404286, 0.3554461274269326, 0.361702140784217, 0.3804525900951963, 0.3510005916040686, 0.3555357737130275, 0.35091226217773164, 0.347107903778851, 0.34432518723165956, 0.3465997195974481, 0.3443419284093538, 0.36283774468930385, 0.3512860181162705, 0.3639355275753243, 0.3464600071974926, 0.34841005975359085, 0.34365821125662294, 0.3690355824429272, 0.34879672246843646, 0.34217745423886964, 0.34949673378993523, 0.3488936435137332, 0.34865402994635725, 0.3448279281202489, 0.3473316007879759, 0.4029312905371902, 0.34128846902739507, 0.34474032796017373, 0.3592289798909025, 0.3659157738934857, 0.35236096287571694, 0.3417666909215865, 0.343478762333975, 0.3567649907999468, 0.34958948606616697, 0.3464219543797067, 0.3607561415406679, 0.3519713003087163, 0.3530913541638781, 0.3760190976622104, 0.34589644123927016, 0.34289469252692906, 0.34981196077847787, 0.38247852124252724], "val_acc": [0.5813953445232891, 0.6081286717357648, 0.5881330034598607, 0.6705064143830863, 0.6909367644613241, 0.7011519399862449, 0.7120191310701409, 0.7426646405576338, 0.7220169572538978, 0.7244077456616702, 0.766355126532646, 0.7622255867549943, 0.7852640535178016, 0.7950445597028245, 0.8019995484189401, 0.7798304694213445, 0.807433168283366, 0.7630949806477862, 0.7948272183158558, 0.8106933251279148, 0.7998261365183693, 0.8115626977490643, 0.8185177082679655, 0.8013475228718793, 0.8200391240545886, 0.8093892534098867, 0.8263420965639929, 0.7476635562857968, 0.8263421080548254, 0.8202564616717352, 0.8143881842821118, 0.814388179450003, 0.8298196116495952, 0.825472718462999, 0.8235166248511397, 0.8265594391298408, 0.8356878830282306, 0.816561604668021, 0.8402521287687601, 0.8330797660197934, 0.8169962979611871, 0.8246033561538028, 0.8326450808880977, 0.8350358614582675, 0.8439469534504598, 0.8293849056867174, 0.8359052344032848, 0.8404694580171607, 0.8361225791196154, 0.8402521157751807, 0.8369919525957761, 0.8402521024577334, 0.8374266513687868, 0.7898282917445961, 0.8411214975294043, 0.8317756944183576, 0.8296022504030479, 0.8409041652755099, 0.8389480501847328, 0.8328624271071753, 0.8485111855496741, 0.8428602445983182, 0.8413388497594698, 0.8452510233418731, 0.8498152702612816, 0.848076504395076, 0.8448163515276247, 0.8337317888852281, 0.842425563767588, 0.8406867972536466, 0.8469897885603429, 0.8439469619357982, 0.8448163512037568, 0.8393827413274163, 0.8445989989736914, 0.8487285420807049, 0.8450336944173403, 0.8463377515224497, 0.8454683734214558, 0.8474244710104125, 0.8437296341901447, 0.8317757179311658, 0.8500325825390052, 0.848511184370795, 0.8452510326822228, 0.8409041549635565, 0.8495979195339631, 0.8482938354700914, 0.8443816697252908, 0.8419908611340721, 0.8437296211965652, 0.8500326010124291, 0.8411214842119571, 0.8432949322043645, 0.8500326143298763, 0.8422082069126893, 0.8469897758906314, 0.8506846310677307, 0.8454683740691915, 0.8352532021975004], "loss": [0.9350596120767684, 0.800755516063571, 0.7324855308926906, 0.6914215222650637, 0.6509521201906163, 0.619244327503012, 0.5862845145479052, 0.5589035152326226, 0.535326318599839, 0.5186738213949339, 0.498952549186005, 0.48263541190616677, 0.4859324238529061, 0.45806628519261205, 0.44572354576850964, 0.43433862732181167, 0.43862763643981995, 0.41890827338908054, 0.4345186521893112, 0.410174749474171, 0.3983214467926978, 0.4021756954594992, 0.39324170759742716, 0.38278694152355625, 0.3830653215394793, 0.3717641452633615, 0.38320404545009173, 0.3649979790662729, 0.3883977202295165, 0.36552419702095795, 0.36513660418132154, 0.3634717515574261, 0.3578899814019945, 0.3455481814882984, 0.34914548573512344, 0.34963867474753835, 0.34298052571660065, 0.3356082412675826, 0.34426490424310785, 0.33223182195437234, 0.3372844727251071, 0.3502109055708494, 0.34313796623404846, 0.33272089264591226, 0.3272911296560771, 0.32066056830696044, 0.33004273042555526, 0.31729583528814914, 0.31670985658543654, 0.31644707714778497, 0.3133373071014194, 0.31625815383002914, 0.310099290294021, 0.30908769853776624, 0.3193225609097953, 0.30644195196658996, 0.31391734382537645, 0.3070924333510093, 0.3059539620991885, 0.30322183477566866, 0.30426028371223707, 0.2980547715296987, 0.30142940493482007, 0.29715046596011113, 0.2964844554518736, 0.29347316240975985, 0.2932751133247321, 0.29202590998476713, 0.2939399418135696, 0.2962565663975388, 0.3028557969987108, 0.28779031144776696, 0.28745100982252597, 0.287336445814851, 0.2960816330905876, 0.28488218546024685, 0.28491818089372106, 0.284556631683585, 0.2829404960132555, 0.28464453265735923, 0.28137463248388134, 0.2833778878320811, 0.3102900726811342, 0.27977648874729216, 0.27789843728782354, 0.284985679037731, 0.2844132937957333, 0.2803941991736719, 0.2745878073582981, 0.27461211792803036, 0.28313209300830544, 0.28121172383447385, 0.27470892058442165, 0.2817564465806203, 0.2755082779487096, 0.2765079917474175, 0.2955105383640393, 0.2714655157732266, 0.27055721719294323, 0.27145485026342103],