{"val_loss": [0.40713245634591155, 0.3567737153666715, 0.38487486211897576, 0.3465209176646085, 0.34824564251089274, 0.35143669953918333, 0.334136052621082, 0.3282124410049212, 0.3244277751723001, 0.3333354895074998, 0.3248853194819821, 0.32693932050467833, 0.3309108732744705, 0.32214107418340127, 0.3349097454464972, 0.3399390234192722, 0.32324935790897064, 0.31896195831285357, 0.32401891411244677, 0.3235426232869717, 0.34677458940394884, 0.32548337403366656, 0.3244998114014729, 0.3308587329358128, 0.3308040833400659, 0.3297867215773096, 0.3355007455274349, 0.32585281432905655, 0.3318397259419443, 0.3294516681614349, 0.3249530776949764, 0.33900210082569837, 0.33626287483153355, 0.3408672277485902, 0.34665579675099456, 0.33248476308082864, 0.3348855570369999, 0.3300289169870442, 0.33707925508240466, 0.33904542818169986, 0.336232811400383, 0.34289405538812456, 0.34037896441496135, 0.33956919169068417, 0.34115489814701716, 0.3361521798731114, 0.3392633954174388, 0.3430445513707662, 0.3460265999448167, 0.3483359718213934, 0.35129049082238684, 0.3477928641696931, 0.3610660649724329, 0.3495199606421719, 0.36041518697995667, 0.3515879898596214, 0.3586315523280032, 0.3574233982801904, 0.3672191714675653, 0.35671770126372415, 0.3676819621972534, 0.3603083541201032, 0.3661897574409509, 0.3634127266729326, 0.35610727243282514, 0.367227639032172, 0.3685376968779685, 0.36447533307011243, 0.37917909699791125, 0.37355432330823624, 0.3807392750608224, 0.367597117492153, 0.36942153267434463, 0.37433614484177186, 0.373975868841483, 0.37557373509228786, 0.3606023112475108, 0.37468647890779094, 0.36865288575585314, 0.36782952241471634, 0.3782427901808165, 0.3614381369016295, 0.3692657276356487, 0.3763572323247159, 0.38760213548399736, 0.3892251125329786, 0.37516385835037364, 0.3889772943169416, 0.38022788973689936, 0.37762476160225206, 0.3771535187435005, 0.3797093958757256, 0.3840921864422009, 0.38012813648641747, 0.3765241978635375, 0.394566483657999, 0.3964215248233726, 0.38618615639518067, 0.38110643999002936, 0.39813959373129215], "val_acc": [0.8232992744476892, 0.841338847932855, 0.8304716371966558, 0.8463377475453522, 0.8493805754653684, 0.8439469637624131, 0.85024996323058, 0.8545968306372927, 0.8556835504491235, 0.8539447954260144, 0.8574222911831815, 0.8500325883427177, 0.853727443519817, 0.8569876060514858, 0.8491632214086882, 0.854596823123558, 0.8574222778657342, 0.8624212065874766, 0.8582916674575607, 0.8578569856552268, 0.8509019718069637, 0.8589437048193217, 0.8593783962858731, 0.8602477740629992, 0.8561182219395039, 0.8617691825431628, 0.8602477840510847, 0.8569876193689331, 0.8602477722363844, 0.8600304321448872, 0.8593783944592582, 0.8543794815293138, 0.857856982325865, 0.8608998092742776, 0.8613344910766114, 0.8598130925845333, 0.8606824555414652, 0.8613344929032263, 0.860465116952715, 0.8576396470664766, 0.8593783941353904, 0.8593784111060674, 0.8574222918309172, 0.8602477704097695, 0.8591610440558077, 0.8574223029978818, 0.8595957270370207, 0.8608998099220133, 0.8589437163101541, 0.8600304299944045, 0.8582916774456462, 0.8632905846884706, 0.858074338533028, 0.8580743288688104, 0.8589437148074072, 0.863725277657769, 0.8593783984363559, 0.8617691743816922, 0.8602477840510847, 0.8650293390638438, 0.8591610458824226, 0.8630732536134552, 0.8622038640216287, 0.8613344877472496, 0.8622038658482436, 0.8624212050847296, 0.8567702671388677, 0.8582916696080434, 0.8602477628960348, 0.8582916792722609, 0.8602477704097695, 0.8602477725602523, 0.8626385606441568, 0.8632905810352409, 0.8619865284383724, 0.860465116952715, 0.8628558913953044, 0.8587263625773418, 0.8606824525359713, 0.8574222915070494, 0.8602477740629992, 0.8632905980059179, 0.8580743270421956, 0.8598130810937009, 0.8613344880711175, 0.8617691858725246, 0.8622038558601581, 0.8615518472837743, 0.8578569859790947, 0.8613344762564172, 0.8635079372424039, 0.8648120098154433, 0.8630732454519846, 0.860899798107313, 0.8619865266117576, 0.8615518321397123, 0.8624212095929705, 0.8602477725602523, 0.8613344895738645, 0.8611171506612463], "loss": [0.48248079904782, 0.353571114615812, 0.3275795636536262, 0.31140206053118924, 0.30283791173997826, 0.2972584520801803, 0.2883098383500858, 0.2824423343520899, 0.2795304478934062, 0.2746199008118643, 0.2749269607695796, 0.26892793437584356, 0.2691874095094997, 0.26599442109429083, 0.2680579064877697, 0.2645176879723758, 0.26189817680849914, 0.2566398111580556, 0.25563203062029005, 0.2538793369642503, 0.2531742115930394, 0.2562980185193762, 0.25129227290211886, 0.25044614287908196, 0.25059506435897416, 0.2482737561050978, 0.24779043174855975, 0.2496668039439939, 0.24727144323450181, 0.24526471325114355, 0.24622659860602308, 0.2443266424832155, 0.2431516750085458, 0.2424859448169429, 0.2420756996577622, 0.24330396349777306, 0.24090228604884864, 0.24046002708761355, 0.24063965546666827, 0.24188475284600142, 0.24042909400865778, 0.2412701048393496, 0.23810123650197665, 0.23859513537287028, 0.23815196377666606, 0.23713702977619286, 0.23746043286740753, 0.23645800848919724, 0.23602707049386432, 0.23705394397432408, 0.23631113604507276, 0.2358209468450431, 0.23577664800298914, 0.23710061098760568, 0.23637265915980732, 0.23558565541609355, 0.23392439513858562, 0.23504825943124324, 0.2335348900150994, 0.23357921696780984, 0.23347136703317417, 0.23302022301038658, 0.23411383971035443, 0.23303199510641462, 0.23268405756863497, 0.23250102239327902, 0.2326882479391922, 0.232465014822975, 0.2324840534117948, 0.23155026560874536, 0.23185812793705132, 0.2320340426737979, 0.23152638930970793, 0.231175391722499, 0.23130892630127167, 0.2309753748944595, 0.23068916748282825, 0.2299575097924019, 0.23082491461946283, 0.23082673261243372, 0.23104953892234464, 0.23031811620637158, 0.23056158183414727, 0.2304133628381294, 0.23023336443641038, 0.2295897685408673, 0.23000589150602943, 0.23022824598000752, 0.22936101161165284, 0.2291579246094325, 0.23002669324618602, 0.22941985528491052, 0.22859527623453008, 0.22892164737364407, 0.23025256555642656, 0.2297919625652883, 0.22873380448303285, 0.22843300807617187, 0.22877503344875774, 0.2284319161275659],