{"val_loss": [0.8540657679559458, 0.6429712554600622, 0.5362466229637973, 0.6815490463043756, 0.5057099469587404, 0.8277523166665407, 0.49747805990775856, 0.4518249894426947, 0.5744899320773419, 0.41740318302407625, 0.41659120615216294, 0.45030286275959613, 0.4071742626758431, 0.4165674084050581, 0.4510411326197587, 0.4928440741937178, 0.41753748274968777, 0.5475550582423933, 0.3974957006621739, 0.39246783670304364, 0.3953627640787505, 0.4104274060901832, 0.3791556041594615, 0.40227013807585904, 0.3686622887221504, 0.3790623461376245, 0.38667325185475415, 0.4304672374566776, 0.4679549306767113, 0.37359724494846613, 0.38980836395179935, 0.39758912837134835, 0.3541602742941425, 0.3560802418235799, 0.3842886111783453, 0.3703524913510093, 0.36180987875115944, 0.3474845662049122, 0.3522534373790589, 0.39500152986351755, 0.3692144477426993, 0.3542070850240902, 0.360100352836676, 0.3512389004567322, 0.35893626256860667, 0.43519855116896206, 0.36616009651280257, 0.3872896482817014, 0.370359038016351, 0.33644426267993266, 0.3441029465009378, 0.3832905841661365, 0.34539351348539094, 0.34222313935304305, 0.3561625743114386, 0.4078060938622272, 0.3396582964372956, 0.34545990321408715, 0.3379521923877705, 0.34263633638847085, 0.34994978365548873, 0.3556014617171865, 0.34345982758616966, 0.3370797844509331, 0.33978304117302666, 0.3814844634190406, 0.3450812190686897, 0.3382707684875908, 0.3333675529588386, 0.37624894395726477, 0.33613171306829615, 0.3436055049264568, 0.3304559566214975, 0.3355329172931477, 0.335055123306155, 0.3424672814484032, 0.33982372781396614, 0.3352328583588421, 0.3340439092553302, 0.34056399181935354, 0.34784141912897676, 0.3443652752352082, 0.34274887547003813, 0.33624201264233206, 0.3266864923828712, 0.33019592775725404, 0.33021183432094225, 0.36275804341422346, 0.39355283186011303, 0.3166696381773593, 0.39112269628361446, 0.3340644921473487, 0.32657257428482234, 0.3248821533495798, 0.35812103098642567, 0.33710906033903537, 0.33079846436188187, 0.3228460113410456, 0.331298286067328, 0.3767123845408103], "val_acc": [0.6163877541799696, 0.7237557044394041, 0.7678765516596187, 0.7231036649271603, 0.7976526863754793, 0.6898500344541326, 0.7767876479527764, 0.8067811352225703, 0.7783090709292664, 0.8106933254517827, 0.810258641822834, 0.8006954988275655, 0.8237339677408555, 0.8152575593776118, 0.8089545725791565, 0.7896109516530989, 0.8302542741234938, 0.7594001296550599, 0.8261247564724957, 0.8248206862572146, 0.8328624265760319, 0.8232992747715571, 0.8346011554953897, 0.8269941336018861, 0.8441643038539103, 0.8422081990750866, 0.83351446544054, 0.8185177115973273, 0.8054770635045422, 0.8367746113253998, 0.8356879048310164, 0.8235166136841752, 0.8417735312379357, 0.842642907512315, 0.8380786850773182, 0.8387307097693677, 0.8474244800268943, 0.8448163285459599, 0.8454683877105066, 0.8304716414976213, 0.8313410174481326, 0.8469897855548489, 0.8417735200709712, 0.8491632325756526, 0.8472071144793817, 0.8117800427892627, 0.8417735290874531, 0.8374266365485926, 0.8415561775051233, 0.8504672961322102, 0.8467724451394839, 0.8365572692906953, 0.843946962583534, 0.8535101064338136, 0.8441643178190933, 0.8222125683937661, 0.8506846235539959, 0.8402521215788931, 0.8509019776106762, 0.8426428915132416, 0.847207141438144, 0.8396000835693963, 0.8513366705799745, 0.8545968197941961, 0.8480765032161969, 0.8332970955920619, 0.8517713520584405, 0.844381659206062, 0.8517713484052108, 0.8372093163166738, 0.8517713635492729, 0.8524233860908397, 0.8552488571559572, 0.8495979280193017, 0.8452510369831882, 0.8509019772868083, 0.85264072467959, 0.8474244713342803, 0.8545968197941961, 0.8456857209360048, 0.8409041308030126, 0.8452510330060906, 0.848511201341472, 0.8541621383157302, 0.8563355723429545, 0.8556835501252555, 0.852206057166307, 0.8439469792303431, 0.8306889810579752, 0.8572049640852637, 0.8326450703688689, 0.8489458716529733, 0.8500325868399706, 0.8526407250034579, 0.8385133771916053, 0.8506846229062601, 0.8548141756774912, 0.8578569744882623, 0.854596821620811, 0.8437296211965652], "loss": [0.9716223969596319, 0.6546472275153349, 0.5607247563922706, 0.5214076924955194, 0.49609592876904407, 0.4744357965622803, 0.46516051480275133, 0.45160808006298364, 0.4373366827573837, 0.43062457990366226, 0.41977099947192975, 0.41331494494058196, 0.4098779781910107, 0.4029142182237673, 0.3987262455342061, 0.392523290374333, 0.39113551504078836, 0.3853519246321544, 0.38463690425003494, 0.37827339948972755, 0.37398071371957103, 0.37072311609243447, 0.36937848266627094, 0.3664638362661643, 0.3661939695366368, 0.3597014956700131, 0.3576825360323604, 0.3574206066044373, 0.3591398220981541, 0.3583329240412477, 0.35049799931278336, 0.3501671779733491, 0.34889183550036235, 0.34543710458917143, 0.343802682550005, 0.344204561935818, 0.3406581018016753, 0.33956979193484355, 0.33928168946074416, 0.3374687557898819, 0.34019322701449445, 0.33677359402965523, 0.33579994390652945, 0.3343081606221482, 0.330494646868356, 0.32942287469901144, 0.3342294901412838, 0.32900393357747293, 0.3283007573913056, 0.32767019679266524, 0.32320757771523495, 0.32307304775478346, 0.323161594093081, 0.32414969590608955, 0.32051780897714555, 0.32127348551585544, 0.3270493198335069, 0.3183718747449577, 0.31737152508785393, 0.3161124508135337, 0.3163790191890336, 0.32413201288043075, 0.3163846082297688, 0.31356887950231965, 0.31287485522341, 0.3120238968985478, 0.3176488005247901, 0.31346106136413754, 0.31014356766614193, 0.3105257763519849, 0.314034679255919, 0.30993721926635215, 0.30917465568560465, 0.3081385387023001, 0.3083280995626246, 0.30651126043029664, 0.30910242205012584, 0.3089097356107413, 0.3044327878845123, 0.30437715579248564, 0.3081133095386001, 0.30593920526303026, 0.30369427856902226, 0.30717988674378244, 0.301475548681536, 0.30100260508028204, 0.3022673610252422, 0.29951127904204944, 0.3027886703237279, 0.30940751029417046, 0.2989364851942766, 0.3058301656570539, 0.2986854330429925, 0.29796900207062005, 0.2975235832965127, 0.30040509421601364, 0.30372207273086516, 0.2969598074549905, 0.29639957292554153, 0.2955548037880604],