{"val_loss": [0.4051442758994526, 0.3837857311625917, 0.3403433572207034, 0.34927688580807126, 0.3289576355231065, 0.34838573373910836, 0.3493365108565231, 0.32179268646618514, 0.3271569127920943, 0.32141324629656154, 0.32437240851363314, 0.32493894102391513, 0.3217272954942143, 0.32100438232837464, 0.32609315038090086, 0.33617212489438403, 0.32031120798738594, 0.32897657542041114, 0.3263197115674482, 0.32937580181888537, 0.32945872635666223, 0.3272740981859167, 0.3310076395821711, 0.32523436370530195, 0.33834804419951964, 0.33685454220985284, 0.33440828057792593, 0.3414175894254706, 0.33535150960460225, 0.339349243886262, 0.32807227757360025, 0.3294817171545553, 0.3368026751120488, 0.3279683619860695, 0.32942247273506897, 0.33187064292689455, 0.3298937925642611, 0.3254256427508286, 0.3293270792385413, 0.3326479610905029, 0.333701737307642, 0.3504408886447675, 0.3527322576385922, 0.35128360100607076, 0.3508202443690798, 0.34987466389965527, 0.3405831377160624, 0.3553526128499152, 0.34638030797573466, 0.35524220200783013, 0.351216124111195, 0.3551690242026739, 0.3562403969714445, 0.35214573940332233, 0.3675642779432569, 0.35898141937006095, 0.35975490287318745, 0.3630663026314511, 0.3570285711993707, 0.3680415166004718, 0.3622976928411735, 0.3589740430523691, 0.36109100671157557, 0.3599732016783853, 0.36614706702943317, 0.38280056359663756, 0.36872729840446516, 0.3793325214781364, 0.3728997949166703, 0.3696230217131084, 0.3654854645990232, 0.3690335069420907, 0.3695514090836916, 0.37350797590367874, 0.36841087293635244, 0.3806965865536478, 0.36975492791257925, 0.3774067877531311, 0.37016038944140334, 0.38398672494259223, 0.38045086145686, 0.37341889312826426, 0.37912674971415516, 0.382028514523787, 0.38376281001572504, 0.3774450775774322, 0.39022428914661694, 0.38635951848010397, 0.38766022401253986, 0.38694151857707115, 0.39919213307108525, 0.38624812512002904, 0.40064112377980304, 0.3968724409048258, 0.3849157097740708, 0.392939362259591, 0.37720235233927674, 0.37879621294031346, 0.38926702259779233, 0.3823630986421478], "val_acc": [0.8324277265075496, 0.828950235375216, 0.8430775914651315, 0.8432949421924499, 0.8509019772868083, 0.8474244663855791, 0.8389480635021801, 0.8530754342956974, 0.8563355763200521, 0.855031503099277, 0.8556835407849058, 0.8563355838337869, 0.858291680775008, 0.8580743421862577, 0.857639643089379, 0.856987619692801, 0.859595740354468, 0.8611171624759466, 0.8569876078781007, 0.8576396549040793, 0.8567702556480353, 0.8582916907630934, 0.8567702553241674, 0.8548141623600439, 0.8563355763200521, 0.8611171521639933, 0.859378396609741, 0.8576396549040793, 0.8567702656361207, 0.8580743406835107, 0.8572049374503692, 0.8567702807801828, 0.8585090233408558, 0.8606824710093952, 0.8595957295113713, 0.8595957406783358, 0.858074338533028, 0.8622038640216287, 0.8606824655295506, 0.8617691710523304, 0.8595957391755888, 0.858291677769514, 0.8611171506612463, 0.8587263510865094, 0.8591610540438932, 0.8582916674575607, 0.8567702574746502, 0.8569876085258364, 0.860030417000825, 0.8591610455585547, 0.8604651132994853, 0.8595957388517209, 0.8598130910817863, 0.8628558917191722, 0.8572049510916843, 0.8600304333237663, 0.8567702707920974, 0.8591610422291929, 0.8567702692893504, 0.8572049740733491, 0.8593784020895855, 0.8604651247903177, 0.8613344895738645, 0.8611171624759466, 0.860247776213482, 0.8604651132994853, 0.8567702556480353, 0.8585090236647236, 0.8548141756774912, 0.8556835504491235, 0.8602477628960348, 0.856987597035004, 0.860247776213482, 0.8574223063272436, 0.8587263722415593, 0.8574223069749793, 0.858291677769514, 0.8593783862977876, 0.8595957488398064, 0.8591610458824226, 0.8591610673613405, 0.858509020011494, 0.8563355878108845, 0.8582916810988758, 0.8608998065926515, 0.857204960432034, 0.8585090181848791, 0.8572049489412016, 0.8595957388517209, 0.8580743270421956, 0.8595957503425533, 0.8582916792722609, 0.8576396337490293, 0.857422317818076, 0.8611171506612463, 0.8569876215194159, 0.861117137343799, 0.8619865287622404, 0.8611171391704139, 0.8613344747536702], "loss": [0.48379650477291786, 0.3550345086334584, 0.32731160185615016, 0.312067685583833, 0.30168485755241004, 0.2947445253780073, 0.28938935695796075, 0.28720232434264203, 0.27843094688635045, 0.27512147595286895, 0.2716829806531424, 0.27051176380832315, 0.26728508174254495, 0.2662813281053165, 0.2635625603339508, 0.2621157510876556, 0.2595666488327362, 0.2572101872929791, 0.2568715960424758, 0.2568287877019849, 0.2547352089887017, 0.25306174369414547, 0.25109662569795377, 0.25058771230975835, 0.24918743014962813, 0.2503281301509558, 0.24918218635008046, 0.24625264829071936, 0.24831145384451497, 0.2483472945678313, 0.24607811842629762, 0.24400266569003098, 0.24316034274543194, 0.2418120464207194, 0.24267136904186237, 0.24196681342460474, 0.24285183432961766, 0.24105027003350485, 0.24015794616863767, 0.23953568453020352, 0.2401844876129869, 0.24100284832711852, 0.23914286673208257, 0.23782936709632946, 0.23907582692702614, 0.2371353225315973, 0.2375355566580487, 0.23628776589117945, 0.2360917997139774, 0.2359214586554504, 0.23631744072388058, 0.23580740918754273, 0.23567223771805182, 0.23462409457560926, 0.23501827508664244, 0.23429096621817266, 0.23398073687811125, 0.23455496919542737, 0.23479355934496865, 0.23357584799578768, 0.23433710981385222, 0.23375190138729404, 0.23317742781285805, 0.23245355897959571, 0.23225285349778074, 0.23227225063325177, 0.23307062237943074, 0.23205258989029803, 0.23168114299438716, 0.23191355276102343, 0.2320551518248262, 0.23095640997708117, 0.23110026230869912, 0.23359532422148865, 0.23062255850465166, 0.2307614778643981, 0.23031193822195367, 0.23179680411947445, 0.23100021239764224, 0.23042243999674833, 0.2298352596059647, 0.23247852698740024, 0.2306062405188332, 0.23023699381536317, 0.22958255154084412, 0.2302586793582543, 0.23010327497383057, 0.22956083186374093, 0.22968612516897513, 0.22894441816339456, 0.22931264757222153, 0.22905760624804022, 0.22922407579359383, 0.23020162769232289, 0.22952827105205173, 0.23081432163090276, 0.22875993800837252, 0.22833503638440109, 0.2284588777003605, 0.22804790585337262],